loss,mae,val_loss,val_mae
0.003581463824957609,0.03889508172869682,0.000662879494484514,0.01891743764281273
0.0011984310112893581,0.024231841787695885,0.0005729234544560313,0.016973640769720078
0.0010631344048306346,0.02252015843987465,0.0006177310715429485,0.018906617537140846
0.0010103888344019651,0.021739182993769646,0.0005932775093242526,0.017468221485614777
0.000969323911704123,0.021168142557144165,0.000599998573306948,0.018503427505493164
0.0009359559044241905,0.020695623010396957,0.0006111382972449064,0.018984828144311905
0.0009138432214967906,0.020362263545393944,0.0006572696729563177,0.020416125655174255
