loss,mae,val_loss,val_mae
0.003473469754680991,0.03835031017661095,0.0007761025917716324,0.021116608753800392
0.001175117096863687,0.023908445611596107,0.0005842856480740011,0.01708070933818817
0.00105572200845927,0.02234487421810627,0.000635894073639065,0.019116563722491264
0.001012357184663415,0.021717244759202003,0.0005192288081161678,0.01576482318341732
0.0009585909429006279,0.02108980156481266,0.000542883004527539,0.01690945401787758
0.00093267229385674,0.020683763548731804,0.0005269329994916916,0.015891075134277344
0.0009057013085111976,0.020347392186522484,0.0005458550294861197,0.016607794910669327
0.0008974068914540112,0.02019234374165535,0.0006643084343522787,0.0174715518951416
0.0008733322029002011,0.019832635298371315,0.0005431291065178812,0.016365623101592064
