loss,mae,val_loss,val_mae
0.002755118068307638,0.03573048487305641,0.000622780411504209,0.01773482747375965
0.0011535895755514503,0.02360452339053154,0.0005510576302185655,0.016236957162618637
0.0010343544417992234,0.02195722609758377,0.0005766325630247593,0.01641763560473919
0.0009721717797219753,0.021162351593375206,0.0007119703222997487,0.019070621579885483
0.0009349575266242027,0.020658839493989944,0.0007942939992062747,0.021904030814766884
0.0009071956155821681,0.02023678831756115,0.000655159936286509,0.018286751583218575
0.0008960292325355113,0.02009434625506401,0.0006346400477923453,0.018148139119148254
