Model,MAE,RMSE,MAPE_percent,R2,TrainingSeconds
XGBoost,7.0709910766936375,11.260892166865611,11.242180183027456,0.9778050599782222,0.8949911594390869
LSTM,8.291400909423828,12.90870240490191,13.892169457309222,0.9703590869903564,43.09355401992798
GRU,8.336442947387695,12.732809408170873,14.506883183888075,0.9711613655090332,57.62779116630554
