Model,MAE,RMSE,MAPE_percent,R2,TrainingSeconds
XGBoost,7.090281219770385,11.29741584260347,11.292939161255536,0.9776608519705353,0.6024606227874756
LSTM,8.909435272216797,13.536018077721033,16.5751891381797,0.9674082398414612,75.7633535861969
GRU,8.1262788772583,12.486089061189068,16.695624046892853,0.9722681641578674,149.9217619895935
