Model,MAE,RMSE,MAPE_percent,R2,TrainingSeconds
XGBoost,7.090281219770385,11.29741584260347,11.292939161255536,0.9776608519705353,1.452383041381836
LSTM,8.925780296325684,13.762304730463594,13.98169939907397,0.9663094282150269,75.7684383392334
GRU,7.89109992980957,12.36043238306367,13.604306861642069,0.9728235006332397,66.97713732719421
